tf,seq,domain,emi,y
CDX1,YVGYVLDKDSPVYPGPARPASLGLGPANYGPPAPPPAPPQYPDFSSYSHVEPAPAPPTAWGAPFPAPKDDWAAAYGPGPAAPAASPASLAFGPPPDFSPVPAPPGPGPGLLAQPLGGPGTPSSPGAQRPTPYEWMRRSVAAGGGGGSGKTRTKDKYRVVYTDHQRLELEKEFHYSRYITIRRKSELAANLGLTERQVKIWFQNRRAKERKVNKKKQQQQQPPQPPMAHDITATPAGPSLGGLCPSNTSLL,Homeodomain,44.5,"[0, 1, 1, 0, 0, 0, 0]"
MIXL1,DPGPAPPPPASLGSPAPPKGAAAPSASQRRKRTSFSAEQLQLLELVFRRTRYPDIHLRERLAALTLLPESRIQVWFQNRRAKSRRQSGKSFQPLARPEIILNHCAPGTETKCLK,Homeodomain,42.0,"[0, 1, 1, 0, 0, 0, 0]"
SHOX,GIYECKEKREDVKSEDEDGQTKLKQRRSRTNFTLEQLNELERLFDETHYPDAFMREELSQRLGLSEARVQVWFQNRRAKCRKQENQMHKGVILGTANHLDACRVAPYVNMGAL,Homeodomain,41.0,"[0, 1, 1, 0, 0, 0, 0]"
PDX1,PFPEGAEPGVLEEPNRVQLPFPWMKSTKAHAWKGQWAGGAYAAEPEENKRTRTAYTRAQLLELEKEFLFNKYISRPRRVELAVMLNLTERHIKIWFQNRRMKWKKEEDKKRGGGTAVGGGGVAEPEQDCAV,Homeodomain,40.5,"[0, 1, 1, 0, 0, 0, 0]"
LBX2,DILAPRMVPRAPSAPQLPESGPGPTSPLCALEELTSKTFRGLDARALQPSEGRAGPDALGPGPFGRKRRKSRTAFTAQQVLELERRFVFQKYLAPSERDGLATRLGLANAQVVTWFQNRRAKLKRDVEEMRADVASLRALSPEVLCSLALPEGAPDPG,Homeodomain,40.0,"[0, 1, 1, 0, 0, 0, 0]"
MSX2,TASVKSENSEDGAAWMQEPGRYSPPPRHTSPTTCTLRKHKTNRKPRTPFTTSQLLALERKFRQKQYLSIAERAEFSSSLNLTETQVKIWFQNRRAKAKRLQEAELEKLKMAAKPMLPSSFSLPFPISS,Homeodomain,40.0,"[0, 1, 1, 0, 0, 0, 1]"
MSX1,LVKAESPEKPERTPWMQSPRFSPPPARRLSPPACTLRKHKTNRKPRTPFTTAQLLALERKFRQKQYLSIAERAEFSSSLSLTETQVKIWFQNRRAKAKRLQEAELEKLKMAAKPMLPPAAFGLSFPLG,Homeodomain,39.0,"[0, 1, 1, 0, 0, 0, 0]"
FOXI1,LGGSDLGWLPIPSQEELMKLVRPPYSYSALIAMAIHGAPDKRLTLSQIYQYVADNFPFYNKSKAGWQNSIRHNLSLNDCFKKVPRDEDDPGKGNYWTLDPNCEKMFDNGNFRRKRKRKSDVSSSTASLALEKTESSLPVDSPKTTEPQDILDGASPGGTTSSPEKRPSPPPSGAPCLNSFLSSMTAYVSGGSPTSHPLVTPGLSPEPSDKTGQNSLTFNSFSPLTNLSNH,Forkhead,36.0,"[0, 1, 1, 0, 0, 0, 1]"
RAX,EYEAPRPYCPKEPWEARPSPGLPVGPATGEAKLSEEEQPKKKHRRNRTTFTTYQLHELERAFEKSHYPDVYSREELAGKVNLPEVRVQVWFQNRRAKWRRQEKLEVSSMKLQDSPLLSFSRSPPSATLSPLG,Homeodomain,35.5,"[0, 1, 1, 0, 0, 0, 1]"
HOXD9,SACSDHPIPGCSLKEEEKQHSQPQQQQLDPNNPEANWIHARSTRKKRCPYTKYQTLELEKEFLFNMYLTRDRRYEVARILNLTERQVKIWFQNRRMKMKKMSKEKCPKGD,Homeodomain,35.0,"[0, 1, 1, 0, 0, 0, 0]"
VSX1,LAPSRPPPALGRQKRSDSVSTSDEDSQSEDRNDLKASPTLGKRKKRRHRTVFTAHQLEELEKAFSEAHYPDVYAREMLAVKTELPEDRIQVWFQNRRAKWRKREKRWGGSSVMAEYGLYGAMVRHCIPLPDSV,Homeodomain,34.5,"[0, 1, 1, 0, 0, 0, 1]"
VAX2,RILVRDAKGTIREIVLPKGLDLDRPKRTRTSFTAEQLYRLEMEFQRCQYVVGRERTELARQLNLSETQVKVWFQNRRTKQKKDQSRDLEKRASSSASEAFATSNILRLLE,Homeodomain,32.0,"[0, 1, 1, 0, 0, 0, 0]"
DLX5,GVFDRRVPSIRSGDFQAPFQTSAAMHHPSQESPTLPESSATDSDYYSPTGGAPHGYCSPTSASYGKALNPYQYQYHGVNGSAGSYPAKAYADYSYASSYHQYGGAYNRVPSATNQPEKEVTEPEVRMVNGKPKKVRKPRTIYSSFQLAALQRRFQKTQYLALPERAELAASLGLTQTQVKIWFQNKRSKIKKIMKNGEMPPEHSPSSSDPMACNSPQSPAVW,Homeodomain,31.5,"[0, 1, 1, 0, 0, 0, 0]"
DLX4,SVAAAYPLGLSPTTAASPNLSYSRPYGHLLSYPYTEPANPGDSYLSCQQPAALSQPLCGPAEHPQELEADSEKPRLSPEPSERRPQAPAKKLRKPRTIYSSLQLQHLNQRFQHTQYLALPERAQLAAQLGLTQTQVKIWFQNKRSKYKKLLKQNSGGQEGDFPGRTFSVSPCSPPLPSLWDLPKAGTLPTSGYGNSFGAWYQHHSSDVLASPQMM,Homeodomain,30.5,"[0, 1, 1, 0, 0, 0, 0]"
DLX1,MTTMPESLNSPVSGKAVFMEFGPPNQQMSPSPMSHGHYSMHCLHSAGHSQPDGAYSSASSFSRPLGYPYVNSVSSHASSPYISSVQSYPGSASLAQSRLEDPGADSEKSTVVEGGEVRFNGKGKKIRKPRTIYCSLQLQALNRRFQQTQYLALPERAELAASLGLTQTQVKIWFQNKRSKFKKLMKQGGAALEGSALANGRALSAGSPPVP,Homeodomain,30.0,"[0, 1, 1, 0, 0, 0, 0]"
PRRX1,ESPGLTSGSDTPQQDNDQLNSEEKKKRKQRRNRTTFNSSQLQALERVFERTHYPDAFVREDLARRVNLTEARVQVWFQNRRAKFRRNERAMLANKNASLLKSYSGDVTAVEQPIVP,Homeodomain,29.0,"[0, 1, 1, 0, 0, 0, 0]"
FOXO1,LCGDFQGPEAGCLHPAPPQPPPPGPLSQHPPVPPAAAGPLAGQPRKSSSSRRNAWGNLSYADLITKAIESSAEKRLTLSQIYEWMVKSVPYFKDKGDSNSSAGWKNSIRHNLSLHSKFIRVQNEGTGKSSWWMLNPEGGKSGKSPRRRAASMDNNSKFAKSRSRAAKKKASLQSGQEGAGDS,Forkhead,26.5,"[0, 1, 1, 0, 0, 0, 0]"
HOXD3,KGGPNASSSSATISKQIFPWMKESRQNSKQKNSCATAGESCEDKSPPGPASKRVRTAYTSAQLVELEKEFHFNRYLCRPRRVEMANLLNLTERQIKIWFQNRRMKYKKDQKAKGILHSPASQSPERSPPL,Homeodomain,22.5,"[0, 1, 1, 0, 0, 0, 0]"
DLX2,ESPTLPVSTATDSSYYTNQQHPAGGGGGGGSPYAHMGSYQYQASGLNNVPYSAKSSYDLGYTAAYTSYAPYGTSSSPANNEPEKEDLEPEIRIVNGKPKKVRKPRTIYSSFQLAALQRRFQKTQYLALPERAELAASLGLTQTQVKIWFQNRRSKFKKMWKSGEIPSEQHPGASASPPCASPPVSA,Homeodomain,20.5,"[0, 1, 1, 0, 0, 0, 1]"
HOXB7,LSGVCPGDSAKAAGAKEQRDSDLAAESNFRIYPWMRSSGTDRKRGRQTYTRYQTLELEKEFHYNRYLTRRRRIEIAHTLCLTERQIKIWFQNRRMKWKKENKTAGPGTTGQDRAEAEEEEEE,Homeodomain,20.0,"[1, 1, 1, 0, 0, 0, 0]"
BHLHE22,GGGSGSGSGGSSSSSSSSSKKSKEQKALRLNINARERRRMHDLNDALDELRAVIPYAHSPSVRKLSKIATLLLAKNYILMQAQALEEMRRLVAYLNQGQAISAASLPSSAAAAAAAAALH,bHLH,20.0,"[1, 1, 1, 0, 0, 0, 0]"
FOXE1,VPGEATGRGAGGRRRKRPLQRGKPPYSYIALIAMAIAHAPERRLTLGGIYKFITERFPFYRDNPKKWQNSIRHNLTLNDCFLKIPREAGRPGKGNYWALDPNAEDMFESGSFLRRRKRFKRSDLSTYPAYMHDA,Forkhead,19.0,"[1, 1, 1, 0, 0, 0, 0]"
LEF1,LMHVKPQHEQRKEQEPKRPHIKKPLNAFMLYMKEMRANVVAECTLKESAAINQILGRRWHALSREEQAKYYELARKERQLHMQLYPGWSARDNYGKKKKRKREKLQESA,HMG,19.0,"[1, 1, 1, 0, 0, 0, 0]"
OTX1,YGMNGLGLAGPAMDLLHPSVGYPATPRKQRRERTTFTRSQLDVLEALFAKTRYPDIFMREEVALKINLPESRVQVWFKNRRAKCRQQQQSGSGTKSRPAKKKSSPVRESSGSESSGQ,Homeodomain,18.0,"[1, 1, 1, 0, 0, 0, 0]"
PITX3,KGQEHSDSEKASASLPGGSPEDGSLKKKQRRQRTHFTSQQLQELEATFQRNRYPDMSTREEIAVWTNLTEARVRVWFKNRRAKWRKRERSQQAELCKGSFAAPLGGLVPPYEEVY,Homeodomain,16.5,"[1, 1, 1, 0, 0, 0, 0]"
TLX2,TFPWMDSGRRFAKDRLTAALSPFSGTRRIGHPYQNRTPPKRKKPRTSFSRSQVLELERRFLRQKYLASAERAALAKALRMTDAQVKTWFQNRRTKWRRQTAEEREAERHRAGRLLLHLQQDALPRP,Homeodomain,15.5,"[1, 1, 1, 0, 0, 0, 1]"
PITX2,SKFFPRQHPGANEKDKSQQGKNEDVGAEDPSKKKRQRRQRTHFTSQQLQELEATFQRNRYPDMSTREEIAVWTNLTEARVRVWFKNRRAKWRKRERNQQAELCKNGFGPQFNGLMQPYDD,Homeodomain,15.5,"[1, 1, 1, 0, 0, 0, 0]"
PROX1,LQDMSEISPYSGSAMQEGLSPNHLKKAKLMFFYTRYPSSNMLKTYFSDVKFNRCITSQLIKWFSNFREFYYIQMEKYARQAINDGVTSTEELSITRDCELYRALNMHYNKANDFEVPERFLEVAQITLREFFNAIIAGKDVDPSWKKAIYKVICKLDSEVPEIFKSPNCLQELLHE,Homeodomain,15.0,"[1, 1, 1, 0, 0, 0, 0]"
PHOX2B,DHQSSPYAAVPYKLFTDHGGLNEKRKQRRIRTTFTSAQLKELERVFAETHYPDIYTREELALKIDLTEARVQVWFQNRRAKFRKQERAAAAAAAAAKNGSSGKKSDSSRDDE,Homeodomain,14.0,"[1, 1, 1, 0, 0, 0, 0]"
PITX1,KGPEDSGAGGTGCGGADDPAKKKKQRRQRTHFTSQQLQELEATFQRNRYPDMSMREEIAVWTNLTEPRVRVWFKNRRAKWRKRERNQQLDLCKGGYVPQFSGLVQPYEDVYA,Homeodomain,13.5,"[1, 1, 1, 0, 0, 0, 1]"
ESX1,SLRGYTHSDIGYRSLAVGEDIEEVNDEKLTVTSLMARGGEDEENTRSKPEYGTEAENNVGTEGSVPSDDQDREGGGGHEPEQQQEEPPLTKPEQQQEEPPLLELKQEQEEPPQTTVEGPQPAEGPQTAEGPQPPERKRRRRTAFTQFQLQELENFFDESQYPDVVARERLAARLNLTEDRVQVWFQNRRAKWKRNQRVLMLRNTATADLAHPLDMFLGGAYYAA,Homeodomain,11.0,"[1, 1, 1, 0, 0, 0, 0]"
ARX,SPKEELLLHPEDAEGKDGEDSVCLSAGSDSEEGLLKRKQRRYRTTFTSYQLEELERAFQKTHYPDVFTREELAMRLDLTEARVQVWFQNRRAKWRKREKAGAQTHPPGLPFPGPLSATHPLSPYLDASP,Homeodomain,10.0,"[1, 1, 1, 0, 0, 0, 1]"
EVX2,NSAGNAVLEALENSQHPARLSPRLPSAPLHSALGELPAKGKFEIDTLFNLQHTGSESTVSSEISSAAESRKKPGHYSEAAAEADMSSDVEVGCSALRSPGGLGAAQLKENNGKGYAESGSAAGTTTSASGSGLGSLHGGSGGSGGSAALGGSGSGADQVRRYRTAFTREQIARLEKEFYRENYVSRPRRCELAAALNLPETTIKVWFQNRRMKDKRQRLAMSWPHPADPSFYTYMMTHAAATGSLPYPF,Homeodomain,9.5,"[1, 1, 1, 0, 0, 0, 1]"
T,VENELQAGSEKGDPTERELRVGLEESELWLRFKELTNEMIVTKNGRRMFPVLKVNVSGLDPNAMYSFLLDFVAADNHRWKYVNGEWVPGGKPEPQAPSCVYIHPDSPNFGAHWMKAPVSFSKVKLTNKLNGGGQIMLNSLHKYEPRIHIVRVGGPQRMITSHCFPETQFIAVTAYQNEEITALKIKYNPFAKAFLDAKERSDHKEMMEEPGDSQQPGYSQW,T_box,9.5,"[1, 1, 1, 0, 1, 0, 1]"
GATA6,GAPLPVPRGPSADLLEDLSESRECVNCGSIQTPLWRRDGTGHYLCNACGLYSKMNGLSRPLIKPQKRVPSSRRLGLSCANCHTTTTTLWRRNAEGEPVCNACGLYMKLHGVPRPLAMKKEGIQTRKRKPKNINKSKTCSGNSN,Znf_GATA,8.0,"[1, 1, 1, 0, 0, 0, 0]"
JUND,GGAATVAFAAEPVPFPPPPPPGALGPPRLAALKDEPQTVPDVPSFGESPPLSPIDMDTQERIKAERKRLRNRIAASKCRKRKLERISRLEEKVKTLKSQNTELASTASLLREQVAQLKQKVLSHVNSGCQLLPQHQVPAY,bZIP,7.5,"[1, 1, 1, 0, 0, 0, 0]"
GLI3,LVKEEGDKDESKQEPEVIYETNCHWEGCAREFDTQEQLVHHINNDHIHGEKKEFVCRWLDCSREQKPFKAQYMLVVHMRRHTGEKPHKCTFEGCTKAYSRLENLKTHLRSHTGEKPYVCEHEGCNKAFSNASDRAKHQNRTHSNEKPYVCKIPGCTKRYTDPSSLRKHVKTVHGPEAHVTKKQRGDIHPRPPPPRDSG,Znf_C2H2,7.5,"[1, 1, 1, 0, 0, 0, 0]"
ZGLP1,AAHPGGTEAHSAGSEALEPRRCASCRTQRTPLWRDAEDGTPLCNACGIRYKKYGTRCSSCWLVPRKNVQPKRLCGRCGVSLDPIQ,Znf_GATA,7.5,"[1, 1, 1, 0, 1, 0, 0]"
HOXC10,PSESEKERAKAADSSPDTSDNEAKEEIKAENTTGNWLTAKSGRKKRCPYTKHQTLELEKEFLFNMYLTRERRLEISKTINLTDRQVKIWFQNRRMKLKKMNRENRIRELTSNFNFT,Homeodomain,6.5,"[1, 1, 1, 0, 0, 0, 0]"
HOXD12,GPLNLNMTVQAAGVASCLRPSLPDGKRCPCSPGRPAVGGGPGEARKKRKPYTKQQIAELENEFLVNEFINRQKRKELSNRLNLSDQQVKIWFQNRRMKKKRVVLREQALALY,Homeodomain,5.5,"[1, 1, 1, 0, 0, 0, 0]"
FOXD3,SGSAGGLAPSKPKNSLVKPPYSYIALITMAILQSPQKKLTLSGICEFISNRFPYYREKFPAWQNSIRHNLSLNDCFVKIPREPGNPGKGNYWTLDPQSEDMFDNGSFLRRRKRFKRHQQEHLREQTALMMQS,Forkhead,42.0,"[0, 1, 0, 0, 0, 0, 0]"
HES2,LPRRAGDAAELRKSLKPLLEKRRRARINQSLSQLKGLILPLLGRENSNCSKLEKADVLEMTVRFLQELPASSWPTAAPLPCDSYREGY,bHLH,37.5,"[0, 1, 0, 0, 0, 0, 0]"
RUNX3,ENSGALSAQAAVGPGGRARPEVRSMVDVLADHAGELVRTDSPNFLCSVLPSHWRCNKTLPVAFKVVALGDVPDGTVVTVMAGNDENYSAELRNASAVMKNQVARFNDLRFVGRSGRGKSFTLTITVFTNPTQVATYHRAIKVTVDGPREPRRHRQKLEDQTKPFPDRFGDLERLR,RUNT,36.0,"[0, 1, 0, 0, 0, 0, 1]"
FOXJ2,GSPTDPNATLSKDEAAVHQDGKPRYSYATLITYAINSSPAKKMTLSEIYRWICDNFPYYKNAGIGWKNSIRHNLSLNKCFRKVPRPRDDPGKGSYWTIDTCPDISRKRRHPPDDDLSQDSPEQEASKSPRGGVAGSGEASLPPEGNPQMSLQ,Forkhead,35.5,"[0, 1, 0, 0, 0, 0, 1]"
NR4A2,SQLLDTQVPSPPSRGSPSNEGLCAVCGDNAACQHYGVRTCEGCKGFFKRTVQKNAKYVCLANKNCPVDKRRRNRCQYCRFQKCLAVGMVKEVVRTDSLKGRRGRLPSKPKSPQ,Nuclear_receptor,34.0,"[0, 1, 0, 0, 0, 0, 0]"
FOXD2,GPGPGPPSGGAATRSPLVKPPYSYIALITMAILQSPKKRLTLSEICEFISGRFPYYREKFPAWQNSIRHNLSLNDCFVKIPREPGNPGKGNYWTLDPESADMFDNGSFLRRRKRFKRQPLPPPHPHPHP,Forkhead,32.5,"[0, 1, 0, 0, 0, 0, 0]"
NFATC3,VPSPFTWSKPKPGHTPIFRTSSLPPLDWPLPAHFGQCELKIEVQPKTHHRAHYETEGSRGAVKASTGGHPVVKLLGYNEKPINLQMFIGTADDRYLRPHAFYQVHRITGKTVATASQEIIIASTKVLEIPLLPENNMSASIDCAGILKLRNSDIELRKGETDIGRKNTRVRLVFRVHIPQPSGKVLSLQIASIPVECSQRSAQELPHIEKYSINSCSVNGGHEMVVTGSNFLPESKIIFLEKGQDGRPQWEVEGKIIREKCQGAHIVLEVPPYHNPAVTAAVQVHFYLCNGKRKKSQSQRFTYTPVLMKQEHREEIDLSSVPS,RHD,31.5,"[0, 1, 0, 0, 0, 0, 1]"
HOXA2,PKPSPAGSRGSPVPAGALQPPEYPWMKEKKAAKKTALLPAAAAAATAAATGPACLSHKESLEIADGSGGGSRRLRTAYTNTQLLELEKEFHFNKYLCRPRRVEIAALLDLTERQVKVWFQNRRMKHKRQTQCKENQNSEGKCKSLEDSEKV,Homeodomain,31.5,"[0, 1, 0, 0, 0, 0, 0]"
HOXC11,LASRAEAGAEAEAEEENTNPSSSGSAHSVAKEPAKGAAPNAPRTRKKRCPYSKFQIRELEREFFFNVYINKEKRLQLSRMLNLTDRQVKIWFQNRRMKEKKLSRDRLQYFSGNPLL,Homeodomain,31.0,"[0, 1, 0, 0, 0, 0, 1]"
NFATC1,QHPYQWAKPKPLSPTSYMSPTLPALDWQLPSHSGPYELRIEVQPKSHHRAHYETEGSRGAVKASAGGHPIVQLHGYLENEPLMLQLFIGTADDRLLRPHAFYQVHRITGKTVSTTSHEAILSNTKVLEIPLLPENSMRAVIDCAGILKLRNSDIELRKGETDIGRKNTRVRLVFRVHVPQPSGRTLSLQVASNPIECSQRSAQELPLVEKQSTDSYPVVGGKKMVLSGHNFLQDSKVIFVEKAPDGHHVWEMEAKTDRDLCKPNSLVVEIPPFRNQRITSPVHVSFYVCNGKRKRSQYQRFTYLPANVPIIKTEPTDDYEPAPTCGPVSQGLSPLPR,RHD,30.0,"[0, 1, 0, 0, 0, 0, 0]"
EVX1,KGSGSEALVGSPNGGSETPKSNGGSGGGGSQGTLACSASDQMRRYRTAFTREQIARLEKEFYRENYVSRPRRCELAAALNLPETTIKVWFQNRRMKDKRQRLAMTWPHPADPAFYTYMMSHAAAAGGLPYPF,Homeodomain,30.0,"[0, 1, 0, 0, 0, 0, 0]"
EOMES,GSCGGLGGLGVPSSGFRAHVYLCNRPLWLKFHRHQTEMIITKQGRRMFPFLSFNINGLNPTAHYNVFVEVVLADPNHWRFQGGKWVTCGKADNNMQGNKMYVHPESPNTGSHWMRQEISFGKLKLTNNKGANNNNTQMIVLQSLHKYQPRLHIVEVTEDGVEDLNEPSKTQTFTFSETQFIAVTAYQNTDITQLKIDHNPFAKGFRDNYDSSHQIVPGGRYGVQ,T_box,27.5,"[0, 1, 0, 0, 0, 0, 0]"
DRGX,YFHCPPQLEGTATFGNHSSGDFDDGFLRRKQRRNRTTFTLQQLEALEAVFAQTHYPDVFTREELAMKINLTEARVQVWFQNRRAKWRKTERGASDQEPGAKEPMAEVTPPPVRN,Homeodomain,22.0,"[0, 1, 0, 0, 0, 0, 1]"
MEIS2,GMDGVGVPASMYGDPHAPRPIPPVHHLNHGPPLHATQHYGAHAPHPNVMPASMGSAVNDALKRDKDAIYGHPLFPLLALVFEKCELATCTPREPGVAGGDVCSSDSFNEDIAVFAKQVRAEKPLFSSNPELDNLMIQAIQVLRFHLLELEKVHELCDNFCHRYISCLKGKMPIDLVIDERDGSSKSDHEELSGSSTNLADHNPSSWRDHDDATSTHSAGTPGPSSGGHASQSGDNSSEQGDGLDNSVASPGTGDDDDPDKDKKRQKKRGIFPKVATNIMRAWLFQHLTHPYPSEEQKKQLAQDTGLTILQVNNWFINARRRIVQPMIDQSNRAGFLLDPSVSQGAAYSPEGQPMGSFVLDGQQHMGI,MEIS,18.0,"[1, 1, 0, 0, 0, 0, 1]"
NFATC4,LAWSKARIGGHSPIFRTSALPPLDWPLPSQYEQLELRIEVQPRAHHRAHYETEGSRGAVKAAPGGHPVVKLLGYSEKPLTLQMFIGTADERNLRPHAFYQVHRITGKMVATASYEAVVSGTKVLEMTLLPENNMAANIDCAGILKLRNSDIELRKGETDIGRKNTRVRLVFRVHVPQGGGKVVSVQAASVPIECSQRSAQELPQVEAYSPSACSVRGGEELVLTGSNFLPDSKVVFIERGPDGKLQWEEEATVNRLQSNEVTLTLTVPEYSNKRVSRPVQVYFYVSNGRRKRSPTQSFRFLPVICKEEPLPDSSLRGF,RHD,16.5,"[1, 1, 0, 0, 0, 0, 1]"
MYBL2,LDELHYQDTDSDVPEQRDSKCKVKWTHEEDEQLRALVRQFGQQDWKFLASHFPNRTDQQCQYRWLRVLNPDLVKGPWTKEEDQKVIELVKKYGTKQWTLIAKHLKGRLGKQCRERWHNHLNPEVKKSCWTEEEDRIICEAHKVLGNRWAEIAKMLPGRTDNAVKNHWNSTIKRKVDTGGFLSESKDCKPPV,MYB,16.0,"[1, 1, 0, 0, 0, 0, 0]"
HES5,PSTVAVELLSPKEKNRLRKPVVEKMRRDRINSSIEQLKLLLEQEFARHQPNSKLEKADILEMAVSYLKHSKAFVAAAGPKSLHQDYSEGYSWCLQEAVQFLTLHAASDTQMKL,bHLH,14.0,"[1, 1, 0, 0, 0, 0, 0]"
MLLT7,DPDFEPQSRPRSCTWPLPRPEIANQPSEPPEVEPDLGEKVHTEGRSEPILLPSRLPEPAGGPQPGILGAVTGPRKGGSRRNAWGNQSYAELISQAIESAPEKRLTLAQIYEWMVRTVPYFKDKGDSNSSAGWKNSIRHNLSLHSKFIKVHNEATGKSSWWMLNPEGGKSGKAPRRRAASMDSSSKLLRGRSKAPKKK,Forkhead,13.5,"[1, 1, 0, 0, 0, 0, 0]"
ISL1,PLQMAAEPISARQPALRPHVHKQPEKTTRVRTVLNEKQLHTLRTCYAANPRPDALMKEQLVEMTGLSPRVIRVWFQNKRCKDKKRSIMMKQLQQQQPNDKTNIQGMTGTPMV,Homeodomain,13.5,"[1, 1, 0, 0, 0, 0, 0]"
FOXA2,YGQAGLSRARDPKTYRRSYTHAKPPYSYISLITMAIQQSPNKMLTLSEIYQWIMDLFPFYRQNQQRWQNSIRHSLSFNDCFLKVPRSPDKPGKGSFWTLHPDSGNMFENGCYLRRQKRFKCEKQLALKEAAGAA,Forkhead,13.0,"[1, 1, 0, 0, 0, 0, 0]"
IRX5,GSLGYHPYAAPLGSYPYGDPAYRKNATRDATATLKAWLNEHRKNPYPTKGEKIMLAIITKMTLTQVSTWFANARRRLKKENKMTWTPRNRSEDEEEEENIDLEKNDEDEP,Homeodomain,12.5,"[1, 1, 0, 0, 0, 0, 1]"
CUX1,TGPYSTNSISSQSPLQQSPDVNGMAPSPSQSESAGSVSEGEEMDTAEIARQVKEQLIKHNIGQRIFGHYVLGLSQGSVSEILARPKPWNKLTVRGKEPFHKMKQFLSDEQNILALRSIQGRQRENPGQSLNRLFQEVPKRRNGSEGNITTRIRASETGSDEAIKSILEQAKRELQVQKTAEPAQPSSASGSGNSDDAIRSILQQARREMEAQQAALDPALKQAPLSQSDITILTPKLLSTSPMPTVSSYPPLAISLKKPSAAPEAGASALPNPPALKKEAQDAPGLDPQGAADCAQGVLRQVKNEVGRSGAWKDHWWSAVQPERRNAASSEEAKAEETGGGKEKGSGGSGGGSQPRAERSQLQGPSSSEYWKEWPSAESPYSQSSELSLTGASRSETPQNSPLPSSPIVPMSKPTKPSVPPLTPEQYEVYMYQEVDTIELTRQVKEKLAKNGICQRIFGEKVLGLSQGSVSDMLSRPKPWSKLTQKGREPFIRMQLWLNGELGQGVLPVQGQQQGPVLHSVTSLQDPLQQGCVSSESTPKTSASCSPAPESPMSSSESVKSLTELVQQPCPPIEASKDSKPPEPSDPPASDSQPTTPLPLSGHSALSIQELVAMSPELDTYGITKRVKEVLTDNNLGQRLFGETILGLTQGSVSDLLARPKPWHKLSLKGREPFVRMQLWLNDPNNVEKLMDMKRMEKKAYMKRRHSSVSDSQPCEPPSVGTEYSQGASPQPQHQLKKPRVVLAPEEKEALKRAYQQKPYPSPKTIEDLATQLNLKTSTVINWFHNYRSRIRRELFIEEIQAGSQGQAGASDSPSARSGRAAPSSE,CUT,12.0,"[1, 1, 0, 0, 0, 0, 0]"
IRX1,DLSLFSQMGSQYELKDNPGVHPATFAAHTAPAYYPYGQFQYGDPGRPKNATRESTSTLKAWLNEHRKNPYPTKGEKIMLAIITKMTLTQVSTWFANARRRLKKENKVTWGARSKDQEDGALFGSDTE,Homeodomain,11.5,"[1, 1, 0, 0, 0, 0, 1]"
FEV,LFKDGKNPSWGPLSPAVQKGSGQIQLWQFLLELLADRANAGCIAWEGGHGEFKLTDPDEVARRWGERKSKPNMNYDKLSRALRYYYDKNIMSKVHGKRYAYRFDFQGLAQACQPPPAHAHAAAAAA,ETS,11.0,"[1, 1, 0, 0, 0, 1, 0]"
FOXB1,PRPGRNTYSDQKPPYSYISLTAMAIQSSPEKMLPLSEIYKFIMDRFPYYRENTQRWQNSLRHNLSFNDCFIKIPRRPDQPGKGSFWALHPSCGDMFENGSFLRRRKRFKVLKSDHLAPSKPADAAQYL,Forkhead,10.5,"[1, 1, 0, 0, 0, 0, 0]"
IRF8,CDRNGGRRLRQWLIEQIDSSMYPGLIWENEEKSMFRIPWKHAGKQDYNQEVDASIFKAWAVFKGKFKEGDKAEPATWKTRLRCALNKSPDFEEVTDRSQLDISEPYKVYRIVPEEEQKCKLGVATAGCVNEV,IRF,10.5,"[1, 1, 0, 0, 0, 1, 0]"
HOXB13,QSWALAGGWNSQMCCQGEQNPPGPFWKAAFADSSGQHPPDACAFRRGRKKRIPYSKGQLRELEREYAANKFITKDKRRKISAATSLSERQITIWFQNRRVKEKKVLAKVKNSATP,Homeodomain,10.5,"[1, 1, 0, 0, 0, 0, 0]"
GSX2,TYNVADPRRFHCLTMGGSDASQVPNGKRMRTAFTSTQLLELEREFSSNMYLSRLRRIEIATYLNLSEKQVKIWFQNRRVKHKKEGKGTQRNSHAGCKCVGSQVHYARSEDEDS,Homeodomain,9.5,"[1, 1, 0, 0, 0, 0, 0]"
FLI1,SNPMNYNSYMDEKNGPPPPNMTTNERRVIVPADPTLWTQEHVRQWLEWAIKEYSLMEIDTSFFQNMDGKELCKMNKEDFLRATTLYNTEVLLSHLSYLRESSLLAYNTTSHTDQSSRLSVKEDPSYDSVRRGAWGNNMNSGLNKSPPLGGAQTISKNTEQRPQPDPYQILGPTSSRLANPGSGQIQLWQFLLELLSDSANASCITWEGTNGEFKMTDPDEVARRWGERKSKPNMNYDKLSRALRYYYDKNIMTKVHGKRYAYKFDFHGIAQALQPHPTESSMYK,ETS,9.5,"[1, 1, 0, 0, 0, 0, 1]"
HOXD10,SSPEVQEKESKEEIKSDTPTSNWLTAKSGRKKRCPYTKHQTLELEKEFLFNMYLTRERRLEISKSVNLTDRQVKIWFQNRRMKLKKMSRENRIRELTANLTFS,Homeodomain,9.0,"[1, 1, 0, 0, 0, 0, 0]"
NFATC2,LVPPTWPKPLVPAIPICSIPVTASLPPLEWPLSSQSGSYELRIEVQPKPHHRAHYETEGSRGAVKAPTGGHPVVQLHGYMENKPLGLQIFIGTADERILKPHAFYQVHRITGKTVTTTSYEKIVGNTKVLEIPLEPKNNMRATIDCAGILKLRNADIELRKGETDIGRKNTRVRLVFRVHIPESSGRIVSLQTASNPIECSQRSAHELPMVERQDTDSCLVYGGQQMILTGQNFTSESKVVFTEKTTDGQQIWEMEATVDKDKSQPNMLFVEIPEYRNKHIRTPVKVNFYVINGKRKRSQPQHFTYHPVPAIKTEPTDEYDPTL,RHD,9.0,"[1, 1, 0, 0, 0, 0, 1]"
ERG,SPDTVGMNYGSYMEEKHMPPPNMTTNERRVIVPADPTLWSTDHVRQWLEWAVKEYGLPDVNILLFQNIDGKELCKMTKDDFQRLTPSYNADILLSHLHYLRETPLPHLTSDDVDKALQNSPRLMHARNTDLPYEPPRRSAWTGHGHPTPQSKAAQPSPSTVPKTEDQRPQLDPYQILGPTSSRLANPGSGQIQLWQFLLELLSDSSNSSCITWEGTNGEFKMTDPDEVARRWGERKSKPNMNYDKLSRALRYYYDKNIMTKVHGKRYAYKFDFHGIAQALQPHPPESSLYKYPSDLPYMG,ETS,9.0,"[1, 1, 0, 0, 0, 1, 1]"
CREB3L1,PSSPVRPMARSSTAISTSPLLTAPHKLQGTSGPLLLTEEEKRTLIAEGYPIPTKLPLTKAEEKALKRVRRKIKNKISAQESRRKKKEYVECLEKKVETFTSENNELWKKVETLENANRTLLQQLQKLQTLVTNKISRPYKMAA,bZIP,8.0,"[1, 1, 0, 0, 0, 0, 1]"
TFEB,VTSSSCPADLTQKRELTDAESRALAKERQKKDNHNLIERRRRFNINDRIKELGMLIPKANDLDVRWNKGTILKASVDYIRRMQKDLQKSRELENHSRRLEMTNKQLWLRIQELEMQARVHGLPTTSPSGMNMA,bHLH,8.0,"[1, 1, 0, 0, 0, 0, 1]"
TCF12,DIKVSSRGRTSSTNEDEDLNPEQKIEREKERRMANNARERLRVRDINEAFKELGRMCQLHLKSEKPQTKLLILHQAVAVILSLEQQVRERNLNPKAACLKRREEEKVSAVSAEPPTTLPGTHPGLSETTNPMGHM,bHLH,8.0,"[1, 1, 0, 0, 0, 0, 1]"
ETV4,EGDIKQEGVGAFREGPPYQRRGALQLWQFLVALLDDPTNAHFIAWTGRGMEFKLIEPEEVARLWGIQKNRPAMNYDKLSRSLRYYYEKGIMQKVAGERYVYKFVCEPEALFSLAFPDNQRPALKAEFDRPVS,ETS,8.0,"[1, 1, 0, 0, 0, 0, 1]"
GSX1,LYQTSYPLPDPRQFHCISVDSSSNQLPSSKRMRTAFTSTQLLELEREFASNMYLSRLRRIEIATYLNLSEKQVKIWFQNRRVKHKKEGKGSNHRGGGGGGAGGGGSAPQGC,Homeodomain,8.0,"[1, 1, 0, 0, 0, 0, 0]"
POU1F1,AADFKQELRRKSKLVEEPIDMDSPEIRELEKFANEFKVRRIKLGYTQTNVGEALAAVHGSEFSQTTICRFENLQLSFKNACKLKAILSKWLEEAEQVGALYNEKVGANERKRKRRTTISIAAKDALERHFGEQNKPSSQEIMRMAEELNLEKEVVRVWFCNRRQREKRVKTSLNQSLFSISKEHLECR,POU,7.5,"[1, 1, 0, 0, 0, 0, 1]"
ELF5,DPLMSWTDLFSNEEYYPAFEHQTACDSYWTSVHPEYWTKRHVWEWLQFCCDQYKLDTNCISFCNFNISGLQLCSMTQEEFVEAAGLCGEYLYFILQNIRTQGYSFFNDAEESKATIKDYADSNCLKTSGIKSQDCHSHSRTSLQSSHLWEFVRDLLLSPEENCGILEWEDREQGIFRVVKSEALAKMWGQRKKNDRMTYEKLSRALRYYYKTGILERVDRRLVYKFGKNAHGWQEDKL,ETS,7.5,"[1, 1, 0, 0, 0, 1, 1]"
SPIB,EALVAGPEGKGSEAGTRKKLRLYQFLLGLLTRGDMRECVWWVEPGAGVFQFSSKHKELLARRWGQQKGNRKRMTYQKLARALRNYAKTGEIRKVKRKLTYQFDSALLPAVRRA,ETS,7.5,"[1, 1, 0, 0, 0, 0, 1]"
ETV5,KVKQEPTMYREGPPYQRRGSLQLWQFLVTLLDDPANAHFIAWTGRGMEFKLIEPEEVARRWGIQKNRPAMNYDKLSRSLRYYYEKGIMQKVAGERYVYKFVCDPDALFSMAFPDNQRPFLKAESECHLKVKQEPTMYREGPPYQRRGSLQLWQFLVTLLDDPANAHFIAWTGRGMEFKLIEPEEVARRWGIQKNRPAMNYDKLSRSLRYYYEKGIMQKVAGERYVYKFVCDPDALFSMAFPDNQRPFLKAESECHL,ETS,7.0,"[1, 1, 0, 0, 0, 1, 1]"
TFAP4,GGLCSLANIPLTPETQRDQERRIRREIANSNERRRMQSINAGFQSLKTLIPHTDGEKLSKAAILQQTAEYIFSLEQEKTRLLQQNTQLKRFIQELSGSSPKRRRAEDKDEGIGSPDI,bHLH,7.0,"[1, 1, 0, 0, 0, 0, 1]"
ETV1,IKQEPGMYREGPTYQRRGSLQLWQFLVALLDDPSNSHFIAWTGRGMEFKLIEPEEVARRWGIQKNRPAMNYDKLSRSLRYYYEKGIMQKVAGERYVYKFVCDPEALFSMAFPDNQRPLLKTDME,ETS,7.0,"[1, 1, 0, 0, 0, 0, 1]"
CLOCK,MSSIVDRDDSSIFDGLVEEDDKDKAKRVSRNKSEKKRRDQFNVLIKELGSMLPGNARKMDKSTVLQKSIDFLRKHKEITAQSDASEIRQDWKPTFLSNEEFTQLMLEALDGFFLAIMTDGSIIYV,bHLH,7.0,"[1, 1, 0, 0, 0, 0, 0]"
TCF4,LDDDKKDIKSITSNNDDEDLTPEQKAEREKERRMANNARERLRVRDINEAFKELGRMVQLHLKSDKPQTKLLILHQAVAVILSLEQQVRERNLNPKAACLKRREEEKVSSEPPPLSLAGPHPGMGDASN,bHLH,7.0,"[1, 1, 0, 0, 0, 0, 1]"
MYCN,KSVIPPKAKSLSPRNSDSEDSERRRNHNILERQRRNDLRSSFLTLRDHVPELVKNEKAAKVVILKKATEYVHSLQAEEHQLLLEKEKLQARQQQLLKKIEHARTC,bHLH,6.5,"[1, 1, 0, 0, 0, 0, 0]"
SREBF1,EKLPINRLAAGSKAPASAQSRGEKRTAHNAIEKRYRSSINDKIIELKDLVVGTEAKLNKSAVLRKAIDYIRFLQHSNQKLKQENLSLRTAVHKSKSLKDLVSACGSGGNTDVLMEGVK,bHLH,6.0,"[1, 1, 0, 0, 0, 0, 1]"
SREBF2,MGQEKVPIKQVPGGVKQLEPPKEGERRTTHNIIEKRYRSSINDKIIELKDLVMGTDAKMHKSGVLRKAIDYIKYLQQVNHKLRQENMVLKLANQKNKLLKGIDLGSLVDNEVDLKIEDF,bHLH,6.0,"[1, 1, 0, 0, 0, 0, 1]"
POU2F2,DPHLSHPQPPKCLEPPSHPEEPSDLEELEQFARTFKQRRIKLGFTQGDVGLAMGKLYGNDFSQTTISRFEALNLSFKNMCKLKPLLEKWLNDAETMSVDSSLPSPNQLSSPSLGFDGLPGRRRKKRTSIETNVRFALEKSFLANQKPTSEEILLIAEQLHMEKEVIRVWFCNRRQKEKRINPCSAAPMLPSPGKPASYSPHM,POU,6.0,"[1, 1, 0, 0, 0, 0, 1]"
ELK3,SAITLWQFLLQLLLDQKHEHLICWTSNDGEFKLLKAEEVAKLWGLRKNKTNMNYDKLSRALRYYYDKNIIKKVIGQKFVYKFVSFPEILKMDPHAVEISRESLLLQD,ETS,6.0,"[1, 1, 0, 0, 0, 0, 1]"
ZIC4,FFRYMRQPIKQELICKWLAADGTATPSLCSKTFSTMHELVTHVTVEHVGGPEQANHICFWEECPRQGKPFKAKYKLVNHIRVHTGEKPFPCPFPGCGKVFARSENLKIHKRTHTGEKPFRCEFEGCERRFANSSDRKKHSHVHTSDKPYTCKVRGCDKCYTHPSSLRKHMKVHGRSPPPSSGYDSATPSALVSP,Znf_C2H2,6.0,"[1, 1, 0, 0, 0, 0, 0]"
YBX1,PGGLTSAAPAGGDKKVIATKVLGTVKWFNVRNGYGFINRNDTKEDVFVHQTAIKKNNPRKYLRSVGDGETVEFDVVEGEKGAEAANVTGPGGVPVQGSKYAADRNHYRRYPRRR,CSD,42.5,"[0, 0, 0, 0, 0, 0, 0]"
HOXA10,AAEELSPAPSESSKASPEKDSLGNSKGENAANWLTAKSGRKKRCPYTKHQTLELEKEFLFNMYLTRERRLEISRSVHLTDRQVKIWFQNRRMKLKKMNRENRIRELTANFNFS,Homeodomain,42.0,"[0, 0, 0, 0, 0, 0, 0]"
NKX6-2,QGAPWRDPRLAGPAPAGGVLDKDGKKKHSRPTFSGQQIFALEKTFEQTKYLAGPERARLAYSLGMTESQVKVWFQNRRTKWRKRHAVEMASAKKKQDSDAEKLKVGGSDAEDDDE,Homeodomain,40.5,"[0, 0, 0, 0, 0, 0, 0]"
LMX1A,ELLSLVSPAASDSGKSDDEESLCKSAHGAGKGTAEEGKDHKRPKRPRTILTTQQRRAFKASFEVSSKPCRKVRETLAAETGLSVRVVQVWFQNQRAKMKKLARRQQQQQQDQQNTQRLSS,Homeodomain,39.5,"[0, 0, 0, 0, 0, 0, 0]"
LMX1B,LSSVSPDESDSVKSEDEDGDMKPAKGQGSQSKGSGDDGKDPRRPKRPRTILTTQQRRAFKASFEVSSKPCRKVRETLAAETGLSVRVVQVWFQNQRAKMKKLARRHQQQQEQQNSQRLGQEVLSS,Homeodomain,38.5,"[0, 0, 0, 0, 0, 0, 0]"
EN2,ENDPKPGEAAAAVEGQRQPESSPGGGSGGGGGSSPGEADTGRRRALMLPAVLQAPGNHQHPHRITNFFIDNILRPEFGRRKDAGTCCAGAGGGRGGGAGGEGGASGAEGGGGAGGSEQLLGSGSREPRQNPPCAPGAGGPLPAAGSDSPGDGEGGSKTLSLHGGAKKGGDPGGPLDGSLKARGLGGGDLSVSSDSDSSQAGANLGAQPMLWPAWVYCTRYSDRPSSGPRSRKPKKKNPNKEDKRPRTAFTAEQLQRLKAEFQTNRYLTEQRRQSLAQELSLNESQIKIWFQNKRAKIKKATGNKNTLAVHLMAQGLYNHSTTAKEGKSDSE,Homeodomain,38.5,"[0, 0, 0, 0, 0, 0, 0]"
EN1,YSDRPSSGPRTRKLKKKKNEKEDKRPRTAFTAEQLQRLKAEFQANRYITEQRRQTLAQELSLNESQIKIWFQNKRAKIKKATGIKNGLALHLMAQGLYNHSTTTVQDKDESE,Homeodomain,38.5,"[0, 0, 0, 0, 0, 0, 0]"
TGIF2LY,DTSIMSRNNADTGRVLALPEHKKKRKGNLPAESVKILRDWMYKHRFKAYPSEEEKQMLSEKTNLSLLQISNWFINARRRILPDMLQQRRNDPIIGHKTGKDAHATHLQSTEASV,MEIS,37.5,"[0, 0, 0, 0, 0, 0, 0]"
MYBL1,KRSRSEDEDDDLQYADHDYEVPQQKGLKKLWNRVKWTRDEDDKLKKLVEQHGTDDWTLIASHLQNRSDFQCQHRWQKVLNPELIKGPWTKEEDQRVIELVQKYGPKRWSLIAKHLKGRIGKQCRERWHNHLNPEVKKSSWTEEEDRIIYEAHKRLGNRWAEIAKLLPGRTDNSIKNHWNSTMRRKVEQEGYLQDGIKSERSSSKLQH,MYB,37.5,"[0, 0, 0, 0, 0, 0, 1]"
MEIS3,SDSFNEDIAAFAKQVRSERPLFSSNPELDNLMIQAIQVLRFHLLELEKVHDLCDNFCHRYITCLKGKMPIDLVIEDRDGGCREDFEDYPASCPSLPDQNNMWIRDHEDSGSVHLGTPGPSSGGLASQSGDNSSDQGDGLDTSVASPSSGGEDEDLDQERRRNKKRGIFPKVATNIMRAWLFQHLSRRSEAPVLPDVCLGLGSPSPGPRWARPWGSDCGRPGRQSDSCWWLQHPYPSEEQKKQLAQDTGLTILQVNNWFINARRRIVQPMIDQSNRTGQGAAFSPEGQPIGGYTETQPHVAVR,MEIS,37.5,"[0, 0, 0, 0, 0, 0, 0]"
TGIF2LX,DTSIMSRNNADTGRVLALPEHKKKRKGNLPAESVKILRDWMYKHRFKAYPSEEEKQMLSEKTNLSLLQISNWFINARRRILPDMLQQRRNDPIIGHKTGKDAHATHLQSTEASV,MEIS,36.5,"[0, 0, 0, 0, 0, 0, 1]"
TGIF2,SDSDLGEDEGLLSLAGKRKRRGNLPKESVKILRDWLYLHRYNAYPSEQEKLSLSGQTNLSVLQICNWFINARRRLLPDMLRKDGKDPNQFTISRRGGKASDVALPRGSSPS,MEIS,35.0,"[0, 0, 0, 0, 0, 0, 0]"
THRB,QSPSYSQKKGYIPSYLDKDELCVVCGDKATGYHYRCITCEGCKGFFRRTIQKNLHPSYSCKYEGKCVIDKVTRNQCQECRFKKCIYVGMATDLVLDDSKRLAKRKLIEENREKRR,Nuclear_receptor,34.5,"[0, 0, 0, 0, 0, 0, 0]"
ATOH1,GVVVDELGCSRQRAPSSKQVNGVQKQRRLAANARERRRMHGLNHAFDQLRNVIPSFNNDKKLSKYETLQMAQIYINALSELLQTPSGGEQPPPPPASCKSDHHHLRTAASYEGG,bHLH,33.5,"[0, 0, 0, 0, 0, 0, 1]"
GATA4,LPGRANPGARHPNLDMFDDFSEGRECVNCGAMSTPLWRRDGTGHYLCNACGLYHKMNGINRPLIKPQRRLSASRRVGLSCANCQTTTTTLWRRNAEGEPVCNACGLYMKLHGVPRPLAMRKEGIQTRKRKPKNLNKSKTPAA,Znf_GATA,33.0,"[0, 0, 0, 0, 0, 0, 0]"
VENTX,GSSNLPAPERTMAGLSKEPNTLRAPRVRTAFTMEQVRTLEGVFQHHQYLSPLERKRLAREMQLSEVQIKTWFQNRRMKHKRQMQDPQLHSPFSGSLHAPPAFYSTSSGLAN,Homeodomain,33.0,"[0, 0, 0, 0, 0, 0, 1]"
HOXD4,YSQSDPKQPPSGTALKQPAVVYPWMKKVHVNSVNPNYTGGEPKRSRTAYTRQQVLELEKEFHFNRYLTRRRRIEIAHTLCLSERQIKIWFQNRRMKWKKDHKLPNTKGRSSSSSSSSSCSSSVAPSQHLQP,Homeodomain,31.5,"[0, 0, 0, 0, 0, 0, 0]"
TBX21,PREDYALPAGLEVSGKLRVALNNHLLWSKFNQHQTEMIITKQGRRMFPFLSFTVAGLEPTSHYRMFVDVVLVDQHHWRYQSGKWVQCGKAEGSMPGNRLYVHPDSPNTGAHWMRQEVSFGKLKLTNNKGASNNVTQMIVLQSLHKYQPRLHIVEVNDGEPEAACNASNTHIFTFQETQFIAVTAYQNAEITQLKIDNNPFAKGFRENFESMYTSVDTSIPSP,T_box,31.0,"[0, 0, 0, 0, 0, 0, 0]"
TBX3,AHLRPLKTMEPEEEVEDDPKVHLEAKELWDQFHKRGTEMVITKSGRRMFPPFKVRCSGLDKKAKYILLMDIIAADDCRYKFHNSRWMVAGKADPEMPKRMYIHPDSPATGEQWMSKVVTFHKLKLTNNISDKHGFTLAFPSDHATWQGNYSFGTQTILNSMHKYQPRFHIVRANDILKLPYSTFRTYLFPETEFIAVTAYQNDKITQLKIDNNPFAKGFRDTGNGRREKRKQLTLQSMRVFD,T_box,30.5,"[0, 0, 0, 0, 0, 0, 0]"
E2F8,HLSGDEFEKSQPSRKEKSLGLLCHKFLARYPNYPNPAVNNDICLDEVAEELNVERRRIYDIVNVLESLHMVSRLAKNRYTWHGRHNLNKTLGTLKSIGEENKYAEQIMMIKKKEYEQEFDFIKSYSIEDHIIKSNTGPNGHPDMCFVELPGVEFRAASVNSRKDKSLRVMSQKFVMLFLVSTPQIVSLEVAAKILIGEDHVEDLDKSKFKTKIRRLYDIANVLSSLDLIKKVHVTEERGRKPAFKWTGPEISPNTSGSSPVI,E2F,30.0,"[0, 0, 0, 0, 0, 0, 0]"
FOXO6,CGPERRATAPAMAPAPPLGAEVGPLRKAKSSRRNAWGNLSYADLITKAIESAPDKRLTLSQIYDWMVRYVPYFKDKGDSNSSAGWKNSIRHNLSLHTRFIRVQNEGTGKSSWWMLNPEGGKTGKTPRRRAVSMDNGAKFLRIKGKASKKKQLQAPERSPD,Forkhead,30.0,"[0, 0, 0, 0, 0, 0, 0]"
PROP1,PPCRRLPGAGGGRSRFSPQGGQRGRPHSRRRHRTTFSPVQLEQLESAFGRNQYPDIWARESLARDTGLSEARIQVWFQNRRAKQRKQERSLLQPLAHLSPAAFSSFLPESTACPY,Homeodomain,29.0,"[0, 0, 0, 0, 0, 0, 0]"
GSC2,ARLAWPLRLGPAVPLSLGAPAGGSGALPGAVGPGSQRRTRRHRTIFSEEQLQALEALFVQNQYPDVSTRERLAGRIRLREERVEVWFKNRRAKWRHQKRASASARLLPGVKKSPKGSC,Homeodomain,28.0,"[0, 0, 0, 0, 0, 0, 0]"
BHLHB2,PAHMYQVYKSRRGIKRSEDSKETYKLPHRLIEKKRRDRINECIAQLKDLLPEHLKLTTLGHLEKAVVLELTLKHVKALTNLIDQQQQKIIALQSGLQAGELSGRNVETGQEMFCS,bHLH,27.5,"[0, 0, 0, 0, 0, 0, 0]"
PAX7,PGQNYPRTGFPLEVSTPLGQGRVNQLGGVFINGRPLPNHIRHKIVEMAHHGIRPCVISRQLRVSHGCVSKILCRYQETGSIRPGAIGGSKPRQVATPDVEKKIEEYKRENPGMFSWEIRDRLLKDGHCDRSTVPSGLVSSISRVLRIKFGKKEEEDEADKKEDDGEKKAKHSIDGILGDKGNRLDEGSDVESEPDLPLKRKQRRSRTTFTAEQLEELEKAFERTHYPDIYTREELAQRTKLTEARVQVWFSNRRARWRKQAGANQLAAFNHLLPGGFPPTGMPTLPPYQLP,PAX,27.0,"[0, 0, 0, 0, 0, 0, 0]"
TBX4,GADVVAAAAAEQTIENIKVGLHEKELWKKFHEAGTEMIITKAGRRMFPSYKVKVTGMNPKTKYILLIDIVPADDHRYKFCDNKWMVAGKAEPAMPGRLYVHPDSPATGAHWMRQLVSFQKLKLTNNHLDPFGHIILNSMHKYQPRLHIVKADENNAFGSKNTAFCTHVFPETSFISVTSYQNHKITQLKIENNPFAKGFRGSDDSDLRVARLQSKEYPVIS,T_box,26.5,"[0, 0, 0, 0, 0, 0, 1]"
NHLH1,PEPGEPGRKDLQHLSREERRRRRRATAKYRTAHATRERIRVEAFNLAFAELRKLLPTLPPDKKLSKIEILRLAICYISYLNHVLDV,bHLH,26.5,"[0, 0, 0, 0, 0, 0, 0]"
OLIG2,STSSSTSSAAASSTKKDKKQMTEPELQQLRLKINSRERKRMHDLNIAMDGLREVMPYAHGPSVRKLSKIATLLLARNYILMLTNSLEEMKRLVSEIYGGHHAGFHPSACGGLAHSAPLPA,bHLH,25.5,"[0, 0, 0, 0, 0, 0, 0]"
VSX2,ASSDSEDVSSSDRKMSKSALNQTKKRKKRRHRTIFTSYQLEELEKAFNEAHYPDVYAREMLAMKTELPEDRIQVWFQNRRAKWRKREKCWGRSSVMAEYGLYGAMVRHSIPLPESILK,Homeodomain,25.5,"[0, 0, 0, 0, 0, 0, 0]"
FOXK1,QADTSGGDSPKDESKPPFSYAQLIVQAISSAQDRQLTLSGIYAHITKHYPYYRTADKGWQNSIRHNLSLNRYFIKVPRSQEEPGKGSFWRIDPASEAKLVEQAFRKRRQRGVSCFRTPFGPLSSR,Forkhead,23.5,"[0, 0, 0, 0, 0, 0, 0]"
ALX3,PLDCRGGPRDGPSNLQGSPGPCLASLHLPLSPGLPDSMELAKNKSKKRRNRTTFSTFQLEELEKVFQKTHYPDVYAREQLALRTDLTEARVQVWFQNRRAKWRKRERYGKIQEGRNPFTAAYDISVLPRTDSHP,Homeodomain,23.0,"[0, 0, 0, 0, 0, 0, 0]"
NANOG,DSSTSPKGKQPTSAEKSVAKKEDKVPVKKQKTRTVFSSTQLCVLNDRFQRQKYLSLQQMQELSNILNLSYKQVKTWFQNQRMKSKRWQKNNWPKNSNGVTQKASAPTYPSLYSSYHQG,Homeodomain,22.5,"[0, 0, 0, 0, 0, 0, 0]"
VAX1,DCNKSKSNSAADPDYCRRILVRDAKGSIREIILPKGLDLDRPKRTRTSFTAEQLYRLEMEFQRCQYVVGRERTELARQLNLSETQVKVWFQNRRTKQKKDQGKDSELRSVVSETAATCSVLRLLEQG,Homeodomain,22.0,"[0, 0, 0, 0, 0, 0, 0]"
ARGFX,TLLSKLECSGTVSAYCSLNLPGSTDPPTSASRVAATTAIRRRHKERTSFTHQQYEELEALFSQTMFPDRNLQEKLALRLDLPESTVKVWFRNRRFKLKKQQQQQSAKQRNQILPSKKNV,Homeodomain,18.5,"[1, 0, 0, 0, 0, 0, 0]"
ELF4,PVTDPSIPIRKKSKDGKGSTIYLWEFLLALLQDRNTCPKYIKWTQREKGIFKLVDSKAVSKLWGKQKNKPDMNYETMGRALRYYYQRGILAKVEGQRLVYQFKEMPKDLVVIEDEDESSEATAAPPQASTA,ETS,17.5,"[1, 0, 0, 0, 0, 1, 0]"
FOXK2,ADNSQPENEKEASGGDSPKDDSKPPYSYAQLIVQAITMAPDKQLTLNGIYTHITKNYPYYRTADKGWQNSIRHNLSLNRYFIKVPRSQEEPGKGSFWRIDPASESKLIEQAFRKRRPRGVPCFRTPLGPLSSRSAPA,Forkhead,17.0,"[1, 0, 0, 0, 0, 0, 0]"
BARHL1,SDSEYKVKEEGDREISSSRDSPPVRLKKPRKARTAFTDHQLAQLERSFERQKYLSVQDRMELAASLNLTDTQVKTWYQNRRTKWKRQTAVGLELLAEAGNYSALQRMFPSPYFY,Homeodomain,15.5,"[1, 0, 0, 0, 0, 0, 1]"
OTX2,SYLKQPPYAVNGLSLTTSGMDLLHPSVGYPGPWASCPAATPRKQRRERTTFTRAQLDVLEALFAKTRYPDIFMREEVALKINLPESRVQVWFKNRRAKCRQQQQQQQNGGQNKVRPAKKKTSPAREVS,Homeodomain,14.5,"[1, 0, 0, 0, 0, 0, 1]"
IRF3,TPKPRILPWLVSQLDLGQLEGVAWVNKSRTRFRIPWKHGLRQDAQQEDFGIFQAWAEATGAYVPGRDKPDLPTWKRNFRSALNRKEGLRLAEDRSKDPHDPHKIYEFVNSGVGDFSQPDTSPDTNGGG,IRF,14.5,"[1, 0, 0, 0, 0, 1, 0]"
HMX1,GGAWPGGRHGGGELAEVPAAAGETRGGVGVGGGRKKKTRTVFSRSQVFQLESTFDLKRYLSSAERAGLAASLQLTETQVKIWFQNRRNKWKRQLAAELEAASLSPPGAAWSACRCSTT,Homeodomain,14.5,"[1, 0, 0, 0, 0, 0, 0]"
ONECUT2,VLAPSRERPPSSSSGSQVATSGQLEEINTKEVAQRITAELKRYSIPQAIFAQRVLCRSQGTLSDLLRNPKPWSKLKSGRETFRRMWKWLQEPEFQRMSALRLAACKRKEQEPNKDRNNSQKKSRLVFTDLQRRTLFAIFKENKRPSKEMQITISQQLGLELTTVSNFFMNARRRSLEKWQDDLSTGGSSSTSSTCTKA,CUT,14.0,"[1, 0, 0, 0, 0, 0, 1]"
SOX14,SKPSDHIKRPMNAFMVWSRGQRRKMAQENPKMHNSEISKRLGAEWKLLSEAEKRPYIDEAKRLRAQHMKEHPDYKYRPRRKPKNLLKKDRYVFPLP,HMG,13.5,"[1, 0, 0, 0, 0, 0, 0]"
TFAP2B,SLMMNKDGFLGGMSVNTGEVFCSVPGRLSLLSSTSKYKVTVGEVQRRLSPPECLNASLLGGVLRRAKSKNGGRSLRERLEKIGLNLPAGRRKAANVTLLTSLVEGEAVHLARDFGYICETEFPAKAVSEYLNRQHTDPSDLHSRKNMLLATKQLCKEFTDLLAQDRTPIGNSRPSPILEPGIQSCLTHFSLITHGFGAPAICAALTALQNYLTEALKGMDKMFLNNTTTNRHTSG,AP2,13.0,"[1, 0, 0, 0, 0, 0, 0]"
DMBX1,TLAERLAGSTGQAYIILEARYGSQHRKQRRSRTAFTAQQLEALEKTFQKTHYPDVVMRERLAMCTNLPEARVQVWFKNRRAKFRKKQRSLQKEQLQKQKEAEGSHGEGKAEAPTPDT,Homeodomain,13.0,"[1, 0, 0, 0, 0, 0, 1]"
PKNOX2,QNTQVNLDLTSLLDNEDKKSKNKRGVLPKHATNIMRSWLFQHLMHPYPTEDEKRQIAAQTNLTLLQVNNWFINARRRILQPMLDASNPDPAPKAKKIKSQHRPTQRFWPNSI,MEIS,13.0,"[1, 0, 0, 0, 0, 0, 1]"
POU4F2,QAALSMAHAHGLPSHMGCMSDVDADPRDLEAFAERFKQRRIKLGVTQADVGSALANLKIPGVGSLSQSTICRFESLTLSHNNMIALKPILQAWLEEAEKSHREKLTKPELFNGAEKKRKRTSIAAPEKRSLEAYFAIQPRPSSEKIAAIAEKLDLKKNVVRVWFCNQRQKQKRMKYSAGI,POU,12.5,"[1, 0, 0, 0, 0, 0, 1]"
HMBOX1,STSNGKMSPTRYHANSMGQRSYSFEASEEDLDVDDKVEELMRRDSSVIKEEIKAFLANRRISQAVVAQVTGISQSRISHWLLQQGSDLSEQKKRAFYRWYQLEKTNPGATLSMRPAPIPIEDPEWRQTPPPVSATSGTFRLRRGSRFTWRKECLAVMESYFNENQYPDEAKREEIANACNAVIQKPGKKLSDLERVTSLKVYNWFANRRKEIKRRANIEAAILESHGIDVQSPGGHSNSDDVDGND,Homeodomain,12.5,"[1, 0, 0, 0, 0, 0, 1]"
MYOG,DKGLGTPEHCPGQCLPWACKVCKRKSVSVDRRRAATLREKRRLKKVNEAFEALKRSTLLNPNQRLPKVEILRSAIQYIERLQALLSSLNQEERDLRYRGGGGPQPGVPSECSSH,bHLH,12.5,"[1, 0, 0, 0, 0, 0, 1]"
NFKB2,DFKLNSSIVEPKEPAPETADGPYLVIVEQPKQRGFRFRYGCEGPSHGGLPGASSEKGRKTYPTVKICNYEGPAKIEVDLVTHSDPPRAHAHSLVGKQCSELGICAVSVGPKDMTAQFNNLGVLHVTKKNMMGTMIQKLQRQRLRSRPQGLTEAEQRELEQEAKELKKVMDLSIVRLRFSAFLRASDGSFSLPLKPVISQPIHDSKSPGASNLKISRMDKTAGSVRGGDEVYLLCDKVQKDDIEVRFYEDDENGWQAFGDFSPTDVHKQYAIVFRTPPYHKMKIERPVTVFLQLKRKRGGDVSDSKQFTYYPLVEDKEEVQRKRRKALPTFSQ,RHD,12.0,"[1, 0, 0, 0, 0, 0, 1]"
USF2,TQRTIAPRTHPYSPKIDGTRTPRDERRRAQHNEVERRRRDKINNWIVQLSKIIPDCNADNSKTGASKGGILSKACDYIRELRQTNQRMQETFKEAERLQMDNELLRQQIEELKNENALLRAQLQQHNLEMV,bHLH,12.0,"[1, 0, 0, 0, 0, 0, 0]"
MNX1,DPIKLGAGTFQLDQWLRASTAGMILPKMPDFNSQAQSNLLGKCRRPRTAFTSQQLLELEHQFKLNKYLSRPKRFEVATSLMLTETQVKIWFQNRRMKWKRSKKAKEQAAQEAEKQKGGGGGAGKGGAEEPGAE,Homeodomain,11.5,"[1, 0, 0, 0, 0, 0, 1]"
TFAP2C,LNLPCQKELVGAVMNPTEVFCSVPGRLSLLSSTSKYKVTVAEVQRRLSPPECLNASLLGGVLRRAKSKNGGRSLREKLDKIGLNLPAGRRKAAHVTLLTSLVEGEAVHLARDFAYVCEAEFPSKPVAEYLTRPHLGGRNEMAARKNMLLAAQQLCKEFTELLSQDRTPHGTSRLAPVLETNIQNCLSHFSLITHGFGSQAICAAVSALQNYIKEALIVIDKSYMNPGDQSPADSNKTLEK,AP2,11.5,"[1, 0, 0, 0, 0, 0, 0]"
NR3C2,YIPENVSSSTLRSVSTGSSRPSKICLVCGDEASGCHYGVVTCGSCKVFFKRAVEGKCSWQHNYLCAGRNDCIIDKIRRKNCPACRLQKCLQAGMNLGARKSKKLGKLKGIHEEQPQQQQ,Nuclear_receptor,11.5,"[1, 0, 0, 0, 0, 0, 1]"
ELF1,PDSPATTPNISVKKKNKDGKGNTIYLWEFLLALLQDKATCPKYIKWTQREKGIFKLVDSKAVSRLWGKHKNKPDMNYETMGRALRYYYQRGILAKVEGQRLVYQFKEMPKDLIYINDEDPSSSIESSDPSL,ETS,11.5,"[1, 0, 0, 0, 0, 1, 0]"
ELF2,TQQSPISNGSPELGIKKKPREGKGNTTYLWEFLLDLLQDKNTCPRYIKWTQREKGIFKLVDSKAVSKLWGKHKNKPDMNYETMGRALRYYYQRGILAKVEGQRLVYQFKDMPKNIVVIDDDKSETCNEDLAGTTDEKSLERVSLS,ETS,11.5,"[1, 0, 0, 0, 0, 1, 0]"
GATA2,PASSFTPKQRSKARSCSEGRECVNCGATATPLWRRDGTGHYLCNACGLYHKMNGQNRPLIKPKRRLSAARRAGTCCANCQTTTTTLWRRNANGDPVCNACGLYYKLHNVNRPLTMKKEGIQTRNRKMSNKSKKSKKGAECF,Znf_GATA,11.5,"[1, 0, 0, 0, 0, 0, 0]"
SIX6,GRPLGPVDKYRVRKKFPLPRTIWDGEQKTHCFKERTRNLLREWYLQDPYPNPSKKRELAQATGLTPTQVGNWFKNRRQRDRAAAAKNRLQQQVLSQGSGRALRAEGDGTPEVLG,Homeodomain,11.5,"[1, 0, 0, 0, 0, 0, 0]"
NKX2-3,KSCQLKKSLETAGDCKAAEESERPKPRSRRKPRVLFSQAQVFELERRFKQQRYLSAPEREHLASSLKLTSTQVKIWFQNRRYKCKRQRQDKSLELGAHAPPPPPRRVAVPVLVR,Homeodomain,10.5,"[1, 0, 0, 0, 0, 0, 1]"
SRF,GYGPVSGAVSGAKPGKKTRGRVKIKMEFIDNKLRRYTTFSKRKTGIMKKAYELSTLTGTQVLLLVASETGHVYTFATRKLQPMITSETGKALIQTCLNSPDSPPRSDPTTDQRMSATGFE,MADS,10.5,"[1, 0, 0, 0, 0, 0, 0]"
POU3F4,DHGELGSHHCQDHSDEETPTSDELEQFAKQFKQRRIKLGFTQADVGLALGTLYGNVFSQTTICRFEGLQLSFKNMCKLKPLLNKWLEEADSSTGSPTSIDKIAAQGRKRKKRTSIEVSVKGVLETHFLKCPKPAAQEISSLADSLQLEKEVVRVWFCNRRQKEKRMTPPGDQQPHEVYSHTVKTDTSC,POU,10.0,"[1, 0, 0, 0, 0, 0, 1]"
MLX,GSTSASSVPNTDDEDSDYHQEAYKESYKDRRRRAHTQAEQKRRDAIKRGYDDLQTIVPTCQQQDFSIGSQKLSKAIVLQKTIDYIQFLHKEKKKQEEEVSTLRKDVTALKIMKVNYEQIVKAHQDNPHE,bHLH,10.0,"[1, 0, 0, 0, 0, 0, 0]"
PAX1,EQTYGEVNQLGGVFVNGRPLPNAIRLRIVELAQLGIRPCDISRQLRVSHGCVSKILARYNETGSILPGAIGGSKPRVTTPNVVKHIRDYKQGDPGIFAWEIRDRLLADGVCDKYNVPSVSSISRILRNKIGSLAQPGPYEASKQPPSQPTLPYN,PAX,9.5,"[1, 0, 0, 0, 0, 0, 1]"
PAX2,DMHCKADPFSAMHPGHGGVNQLGGVFVNGRPLPDVVRQRIVELAHQGVRPCDISRQLRVSHGCVSKILGRYYETGSIKPGVIGGSKPKVATPKVVDKIAEYKRQNPTMFAWEIRDRLLAEGICDNDTVPSVSSINRIIRTKVQQPFHPTPDGAGTGVTAPGHTIVPSTASPPVSSASNDPVGSYSINGILGIPRSNGEKRKRDEVEVYTDPAHIRGGGGLHLVWTLRDVSEGSVPNGDSQSGVDSLRKHLRADTFTQQQLEALDRVFERPSYPDVFQASEHIKSEQGNEYSLP,PAX,9.5,"[1, 0, 0, 0, 0, 0, 1]"
ATF3,SLVFEDFANLTPFVKEELRFAIQNKHLCHRMSSALESVTVSDRPLGVSITKAEVAPEEDERKKRRRERNKIAAAKCRNKKKEKTECLQKESEKLESVNAELKAQIEELKNEKQHLIYMLNLHRPTCIVRAQNGRTPEDE,bZIP,9.0,"[1, 0, 0, 0, 0, 0, 0]"
POU4F3,MSHPHTVAPHSAMPACLSDVESDPRELEAFAERFKQRRIKLGVTQADVGAALANLKIPGVGSLSQSTICRFESLTLSHNNMIALKPVLQAWLEEAEAAYREKNSKPELFNGSERKRKRTSIAAPEKRSLEAYFAIQPRPSSEKIAAIAEKLDLKKNVVRVWFCNQRQKQKRMKYSAVH,POU,9.0,"[1, 0, 0, 0, 0, 0, 1]"
ATF2,SARQYKDLWNMSDDKPFLCTAPGCGQRFTNEDHLAVHKHKHEMTLKFGPARNDSVIVADQTPTPTRFLKNCEEVGLFNELASPFENEFKKASEDDIKKMPLDLSPLATPIIRSKIEEPSVVETTHQDSPLPHPESTTSDEKEVPLAQTAQPTSAIVRPASLQVPNVLLTSSDSSVIIQQAVPSPTSSTVITQAPSSNRPIVPVPGPFPLLLHLPNGQTMPVAIPASITSSNVHVPAAVPLVRPVTMVPSVPGIPGPSSPQPVQSEAKMRLKAALTQQHPPVTNGDTVKGHGSGLVRTQSEESRPQSLQQPATSTTETPASPAHTTPQTQSTSGRRRRAANEDPDEKRRKFLERNRAAASRCRQKRKVWVQSLEKKAEDLSSLNGQLQSEVTLLRNEVAQLKQLLLAHKDCPVTAMQKKSGYHTAD,bZIP,8.5,"[1, 0, 0, 0, 0, 0, 0]"
RFX4,RYSSHTSLGNVSNDENEEKENNRASKPHSTPATLQWLEENYEIAEGVCIPRSALYMHYLDFCEKNDTQPVNAASFGKIIRQQFPQLTTRRLGTRGQSKYHYYGIAVKESSQYYDVMYSKKGAAWVS,RFX,8.5,"[1, 0, 0, 0, 0, 1, 1]"
POU2F3,LEASQHLPVPKHLPSSGGADEPSDLEELEKFAKTFKQRRIKLGFTQGDVGLAMGKLYGNDFSQTTISRFEALNLSFKNMCKLKPLLEKWLNDAESSPSDPSVSTPSSYPSLSEVFGRKRKKRTSIETNIRLTLEKRFQDNPKPSSEEISMIAEQLSMEKEVVRVWFCNRRQKEKRINCPVATPIKPPVYNSRLVS,POU,8.5,"[1, 0, 0, 0, 0, 0, 1]"
HSF1,DLPVGPGAAGPSNVPAFLTKLWTLVSDPDTDALICWSPSGNSFHVFDQGQFAKEVLPKYFKHNNMASFVRQLNMYGFRKVVHIEQGGLVKPERDDTEFQHPCFLRGQEQLLENIKRKVTSVSTLKSEDIKIRQDSVTKLLTDVQLMKGKQECMDSKLLAMKHENEALWREVASLRQKHAQQQKVVNKLIQFLISLVQSNRILGVKRKIPLMLNDSGSAHSMPKYSR,HSF,8.5,"[1, 0, 0, 0, 0, 0, 0]"
SOHLH2,GNGLELNASLSEFEKNKKISLLHSSKEKLRRERIKYCCEQLRTLLPYVKGRKNDAASVLEATVDYVKYIREKISPAVMAQITEALQSNMRFCKKQQTPIELSLPGTVMAQRENSVMST,bHLH,8.5,"[1, 0, 0, 0, 0, 0, 0]"
GATA3,SLLGGSPTGFGCKSRPKARSSTGRECVNCGATSTPLWRRDGTGHYLCNACGLYHKMNGQNRPLIKPKRRLSAARRAGTSCANCQTTTTTLWRRNANGDPVCNACGLYYKLHNINRPLTMKKEGIQTRNRKMSSKSKKCKKVHDS,Znf_GATA,8.5,"[1, 0, 0, 0, 0, 0, 0]"
MAFA,HHHHGGAGHGGGAGHHVRLEERFSDDQLVSMSVRELNRQLRGFSKEEVIRLKQKRRTLKNRGYAQSCRFKRVQQRHILESEKCQLQSQVEQLKLEVGRLAKERDLYKEKYEKLAGRGGPGSAGGAGFPREPS,bZIP,8.0,"[1, 0, 0, 0, 0, 1, 1]"
CREB5,IYEESKMNLEQERPSVCSAPGCSQRFPTEDHLMIHRHKHEMTLKFPSIKTDNMLSDQTPTPTRFLKNCEEVGLFSELDCSLEHEFRKAQEEESSKRNISMHNAVGGAMTGPGTHQLSSARLPNHDTNVVIQQAMPSPQSSSVITQAPSTNRQIGPVPGSLSSLLHLHNRQRQPMPASMPGTLPNPTMPGSSAVLMPMERQMSVNSSIMGIEGPNLSNPCASPQVQPMHSEAKMRLKAALTHHPAAMSNGNMNTMGHMMEMMGSRQDQTPHHHMHSHPHQHQTLPPHHPYPHQHQHPAHHPHPQPHHQQNHPHHHSHSHLHAHPAHHQTSPHPPLHTGNQAQVSPATQQMQPTQTIQPPQPTGGRRRRVVDEDPDERRRKFLERNRAAATRCRQKRKVWVMSLEKKAEELTQTNMQLQNEVSMLKNEVAQLKQLLLTHKDCPITAMQKESQGYLSPESS,bZIP,8.0,"[1, 0, 0, 0, 0, 0, 1]"
XBP1,TPKVLLLSGQPASAAGAPAGQALPLMVPAQRGASPEAASGGLPQARKRQRLTHLSPEEKALRRKLKNRVAAQTARDRKKARMSELEQQVVDLEEENQKLLLENQLLREKTHGLVVENQELRQRLGMDALVAEEEAEAK,bZIP,8.0,"[1, 0, 0, 0, 0, 0, 0]"
FIGLA,QLAAVCRLKRLPSGGYSSTENLQLVLERRRVANAKERERIKNLNRGFARLKALVPFLPQSRKPSKVDILKGATEYIQVLSDLLEGAKDSKKQDPDEQSYSNNS,bHLH,8.0,"[1, 0, 0, 0, 0, 0, 0]"
CREB3L4,VSELPFDAHAHILPRAGTVAPVPCTTLLPCQTLFLTDEEKRLLGQEGVSLPSHLPLTKAEERVLKKVRRKIRNKQSAQDSRRRKKEYIDGLESRVAACSAQNQELQKKVQELERHNISLVAQLRQLQTLIAQTSNKAAQTST,bZIP,7.5,"[1, 0, 0, 0, 0, 0, 0]"
POU4F1,DSDTDPRELEAFAERFKQRRIKLGVTQADVGSALANLKIPGVGSLSQSTICRFESLTLSHNNMIALKPILQAWLEEAEGAQREKMNKPELFNGGEKKRKRTSIAAPEKRSLEAYFAVQPRPSSEKIAAIAEKLDLKKNVVRVWFCNQRQKQKRMKFSATY,POU,7.5,"[1, 0, 0, 0, 0, 0, 0]"
ZIC1,PIKQELICKWIEPEQLANPKKSCNKTFSTMHELVTHVTVEHVGGPEQSNHICFWEECPREGKPFKAKYKLVNHIRVHTGEKPFPCPFPGCGKVFARSENLKIHKRTHTGEKPFKCEFEGCDRRFANSSDRKKHMHVHTSDKPYLCKMCDKSYTHPSSVRKHMKVHESSSQGSQPSPAASSGYESSTP,Znf_C2H2,7.0,"[1, 0, 0, 0, 0, 0, 0]"
RFX2,SPIVSSAGAYLIHGGMDSTRHSLAHTSRSSPATLEMAIENLQKSEGITSHKSGLLNSHLQWLLDNYETAEGVSLPRSSLYNHYLRHCQEHKLDPVNAASFGKLIRSVFMGLRTRRLGTRGNSKYHYYGIRLKPDSPLNRLQEDTQYMAM,RFX,7.0,"[1, 0, 0, 0, 0, 0, 0]"
CREB1,QYAQTTDGQQILVPSNQVVVQAASGDVQTYQIRTAPTSTIAPGVVMASSPALPTQPAEEAARKREVRLMKNREAARECRRKKKEYVKCLENRVAVLENQNKTLIEELKALKDLYCHKSD,bZIP,7.0,"[1, 0, 0, 0, 0, 1, 0]"
RFX1,GSTGGGGSGAGTYVIQGGYMLGSASQSYSHTTRASPATVQWLLDNYETAEGVSLPRSTLYCHYLLHCQEQKLEPVNAASFGKLIRSVFMGLRTRRLGTRGNSKYHYYGLRIKASSPLLRLMEDQQHMAMRG,RFX,7.0,"[1, 0, 0, 0, 0, 0, 0]"
MAF,GALHPHHAAGGLHFDDRFSDEQLVTMSVRELNRQLRGVSKEEVIRLKQKRRTLKNRGYAQSCRFKRVQQRHVLESEKNQLLQQVDHLKQEISRLVRERDAYKEKYEKLVSSGFRENGSSSDNPSSPEFF,bZIP,7.0,"[1, 0, 0, 0, 0, 0, 0]"
TFE3,KREISETEAKALLKERQKKDNHNLIERRRRFNINDRIKELGTLIPKSSDPEMRWNKGTILKASVDYIRKLQKEQQRSKDLESRQRSLEQANRSLQLRIQELELQAQI,bHLH,7.0,"[1, 0, 0, 0, 0, 0, 0]"
MAFG,NKGNKALKVKREPGENGTSLTDEELVTMSVRELNQHLRGLSKEEIVQLKQRRRTLKNRGYAASCRVKRVTQKEELEKQKAELQQEVEKLASENASMKLELDALRSKYEALQTFARTVARSPVAPARGPLA,bZIP,7.0,"[1, 0, 0, 0, 0, 0, 0]"
JUND2,HFLEVKLGKRPQPVKSELDEEEERRKRRREKNKVAAARCRNKKKERTEFLQRESERLELMNAELKTQIEELKQERQQLILMLNRHRPTCIVRTDSVKTPES,bZIP,7.0,"[1, 0, 0, 0, 0, 0, 0]"
NKX2-4,SSISRFMGPSAGVNVAGMGSLTGIADAAKSLGPLHAAAAAAAPRRKRRVLFSQAQVYELERRFKQQKYLSAPEREHLASMIHLTPTQVKIWFQNHRYKMKRQAKDKAAQQLQQEGGLGPPPPPPPSPRRVAVPV,Homeodomain,6.5,"[1, 0, 0, 0, 0, 0, 1]"
CREM,ADGTQQFFVPGSQVVVQAATGDMPTYQIRAPTAALPQGVVMAASPGSLHSPQQLAEEATRKRELRLMKNREAAKECRRRKKEYVKCLESRVAVLEVQNKKLIEELETLKDICSPKTDY,bZIP,6.5,"[1, 0, 0, 0, 0, 0, 1]"
HSF4,QEAPAALPTEPGPSPVPAFLGKLWALVGDPGTDHLIRWSPSGTSFLVSDQSRFAKEVLPQYFKHSNMASFVRQLNMYGFRKVVSIEQGGLLRPERDHVEFQHPSFVRGREQLLERVRRKVPALRGDDGRWRPEDLGRLLGEVQALRGVQESTEARLRELRQQNEILWREVVTLRQSHGQQHRVIGKLIQCLFGPLQAGPSNAGGKRKLSLMLDEGSSCPTPAKFNTCPLPG,HSF,6.0,"[1, 0, 0, 0, 0, 0, 1]"
CEBPE,NPLQYQVAHCGQTAMHLPPTLAAPGQPLRVLKAPLATAAPPCSPLLKAPSPAGPLHKGKKAVNKDSLEYRLRRERNNIAVRKSRDKAKRRILETQQKVLEYMAENERLRSRVEQLTQELDTLRNLFRQIPEAANLIKGVGGCS,bZIP,6.0,"[1, 0, 0, 0, 0, 0, 0]"
TFEC,CPSSLPMKREITETDTRALAKERQKKDNHNLIERRRRYNINYRIKELGTLIPKSNDPDMRWNKGTILKASVEYIKWLQKEQQRARELEHRQKKLEQANRRLLLR,bHLH,6.0,"[1, 0, 0, 0, 0, 0, 1]"
CEBPB,PAPSQVKSKAKKTVDKHSDEYKIRRERNNIAVRKSRDKAKMRNLETQHKVLELTAENERLQKKVEQLSRELSTLRNLFKQLPEPLLASSGHC,bZIP,6.0,"[1, 0, 0, 0, 0, 0, 0]"
POU3F2,TAASNHYSLLTSSASIVHAEPPGGMQQGAGGYREAQSLVQGDYGALQSNGHPLSHAHQWITALSHGGGGGGGGGGGGGGGGGGGGGDGSPWSTSPLGQPDIKPSVVVQQGGRGDELHGPGALQQQHQQQQQQQQQQQQQQQQQQQQQRPPHLVHHAANHHPGPGAWRSAAAAAHLPPSMGASNGGLLYSQPSFTVNGMLGAGGQPAGLHHHGLRDAHDEPHHADHHPHPHSHPHQQPPPPPPPQGPPGHPGAHHDPHSDEDTPTSDDLEQFAKQFKQRRIKLGFTQADVGLALGTLYGNVFSQTTICRFEALQLSFKNMCKLKPLLNKWLEEADSSSGSPTSIDKIAAQGRKRKKRTSIEVSVKGALESHFLKCPKPSAQEITSLADSLQLEKEVVRVWFCNRRQKEKRMTPPGGTLPGAEDVYGGSRDTPPHHGVQT,POU,5.5,"[1, 0, 0, 0, 0, 0, 0]"
RFX3,VTGGQLISSSGGTYLIGNSMENSGHSVTHTTRASPATIEMAIETLQKSDGLSTHRSSLLNSHLQWLLDNYETAEGVSLPRSTLYNHYLRHCQEHKLDPVNAASFGKLIRSIFMGLRTRRLGTRGNSKYHYYGIRVKPDSPLNRLQEDMQYMAMRQQP,RFX,5.5,"[1, 0, 0, 0, 0, 0, 1]"
DUXA,EDTYSHKMVKTNHRRCRTKFTEEQLKILINTFNQKPYPGYATKQKLALEINTEESRIQIWFQNRRARHGFQKRPEAETLESSQSQGQDQPGVEFQSREARRCRTTYSASQLHTLIKAFMKNPYPGIDSREELAKEIGVPESRVQIWFQNRRSRLLLQRKREPVASLEQEEQGKIPEGLQ,Homeodomain,5.0,"[1, 0, 0, 0, 0, 0, 1]"
SOX18,SPPSPQRSPPRSPEPGRYGLSPAGRGERQAADESRIRRPMNAFMVWAKDERKRLAQQNPDLHNAVLSKMLGKAWKELNAAEKRPFVEEAERLRVQHLRDHPNYKYRPRRKKQARKARRLEPGL,HMG,34.0,"[0, 1, 1, 1, 0, 0, 0]"
SOX7,SDGQSPPAVPRPPGDKGSESRIRRPMNAFMVWAKDERKRLAVQNPDLHNAELSKMLGKSWKALTLSQKRPYVDEAERLRLQHMQDYPNYKYRPRRKKQAKRLCKRVDPGFLL,HMG,33.5,"[0, 1, 1, 1, 0, 0, 1]"
SOX10,YDWTLVPMPVRVNGASKSKPHVKRPMNAFMVWAQAARRKLADQYPHLHNAELSKTLGKLWRLLNESDKRPFIEEAERLRMQHKKDHPDYKYQPRRRKNGKAAQGEAECP,HMG,32.0,"[0, 1, 1, 1, 0, 0, 0]"
SOX11,ALDESDPDWCKTASGHIKRPMNAFMVWSKIERRKIMEQSPDMHNAEISKRLGKRWKMLKDSEKIPFIREAERLRLKHMADYPDYKYRPRKKPKMDPSAKPSASQSP,HMG,31.0,"[0, 1, 1, 1, 0, 0, 0]"
SOX12,EEGAREPGWCKTPSGHIKRPMNAFMVWSQHERRKIMDQWPDMHNAEISKRLGRRWQLLQDSEKIPFVREAERLRLKHMADYPDYKYRPRKKSKGAPAKARPRPPGGS,HMG,30.5,"[0, 1, 1, 1, 0, 0, 0]"
RFX5,SDNDKLYLYLQLPSGPTTGDKSSEPSTLSNEEYMYAYRWIRNHLEEHTDTCLPKQSVYDAYRKYCESLACCRPLSTANFGKIIREIFPDIKARRLGGRGQSKYCYSGIRRKTLVSMPPLPGLDLKGSESPEM,RFX,27.0,"[0, 1, 0, 1, 0, 0, 0]"
BHLHA15,AARAPGEGRRRRPGPSGPGGRRDSSIQRRLESNERERQRMHKLNNAFQALREVIPHVRADKKLSKIETLTLAKNYIKSLTATILTMSSSRLPGLEGPGPKLYQHYQQQQQVAGGA,bHLH,33.0,"[0, 0, 0, 1, 0, 0, 0]"
BHLHB8,AARAPGEGRRRRPGPSGPGGRRDSSIQRRLESNERERQRMHKLNNAFQALREVIPHVRADKKLSKIETLTLAKNYIKSLTATILTMSSSRLPGLEGPGPKLYQHYQQQQQVAGGA,bHLH,29.5,"[0, 0, 0, 1, 0, 0, 1]"
TBX2,HLRSLKSLEPEDEVEDDPKVTLEAKELWDQFHKLGTEMVITKSGRRMFPPFKVRVSGLDKKAKYILLMDIVAADDCRYKFHNSRWMVAGKADPEMPKRMYIHPDSPATGEQWMAKPVAFHKLKLTNNISDKHGFTILNSMHKYQPRFHIVRANDILKLPYSTFRTYVFPETDFIAVTAYQNDKITQLKIDNNPFAKGFRDTGNGRREKRKQLTLPSLRLYEEH,T_box,10.5,"[1, 1, 0, 1, 1, 0, 1]"
SOX2,GGGNSTAAAAGGNQKNSPDRVKRPMNAFMVWSRGQRRKMAQENPKMHNSEISKRLGAEWKLLSETEKRPFIDEAKRLRALHMKEHPDYKYRPRRKTKTLMKKDKYTLPGG,HMG,31.5,"[0, 0, 0, 1, 0, 0, 0]"
